[
    {
        "model": "production.techcard",
        "pk": 2,
        "fields": {
            "created_at": "2022-02-17T08:28:03.694Z",
            "updated_at": "2022-02-17T08:28:03.694Z",
            "name": "Хлеб",
            "author": 1,
            "is_archive": false,
            "end_product": 17,
            "amount": "1.00"
        }
    },
    {
        "model": "production.techcard",
        "pk": 3,
        "fields": {
            "created_at": "2022-02-17T14:21:41.667Z",
            "updated_at": "2022-02-17T14:21:41.667Z",
            "name": "Сдоба",
            "author": 1,
            "is_archive": false,
            "end_product": 20,
            "amount": "1.00"
        }
    },
    {
        "model": "production.techcard",
        "pk": 4,
        "fields": {
            "created_at": "2022-02-17T15:17:48.714Z",
            "updated_at": "2022-02-17T15:17:48.714Z",
            "name": "Сок фруктовый",
            "author": 1,
            "is_archive": false,
            "end_product": 22,
            "amount": "1.00"
        }
    },
    {
        "model": "production.techcardproduct",
        "pk": 3,
        "fields": {
            "tech_card": 2,
            "product_unit": 9,
            "quantity": "0.50"
        }
    },
    {
        "model": "production.techcardproduct",
        "pk": 4,
        "fields": {
            "tech_card": 2,
            "product_unit": 15,
            "quantity": "10.00"
        }
    },
    {
        "model": "production.techcardproduct",
        "pk": 5,
        "fields": {
            "tech_card": 2,
            "product_unit": 12,
            "quantity": "25.00"
        }
    },
    {
        "model": "production.techcardproduct",
        "pk": 6,
        "fields": {
            "tech_card": 3,
            "product_unit": 9,
            "quantity": "0.40"
        }
    },
    {
        "model": "production.techcardproduct",
        "pk": 7,
        "fields": {
            "tech_card": 3,
            "product_unit": 18,
            "quantity": "0.25"
        }
    },
    {
        "model": "production.techcardproduct",
        "pk": 8,
        "fields": {
            "tech_card": 3,
            "product_unit": 19,
            "quantity": "0.15"
        }
    },
    {
        "model": "production.techcardproduct",
        "pk": 9,
        "fields": {
            "tech_card": 3,
            "product_unit": 15,
            "quantity": "10.00"
        }
    },
    {
        "model": "production.techcardproduct",
        "pk": 10,
        "fields": {
            "tech_card": 3,
            "product_unit": 12,
            "quantity": "25.00"
        }
    },
    {
        "model": "production.techcardproduct",
        "pk": 11,
        "fields": {
            "tech_card": 4,
            "product_unit": 21,
            "quantity": "50.00"
        }
    },
    {
        "model": "production.dailymenuplan",
        "pk": 2,
        "fields": {
            "created_at": "2022-02-17T08:29:03.950Z",
            "updated_at": "2022-02-17T16:03:44.288Z",
            "shop": 1,
            "name": "Хлебобулочные изделия",
            "author": 1
        }
    },
    {
        "model": "production.dailymenuplan",
        "pk": 3,
        "fields": {
            "created_at": "2022-02-17T15:18:40.215Z",
            "updated_at": "2022-02-17T16:03:18.934Z",
            "shop": 1,
            "name": "Напитки",
            "author": 1
        }
    },
    {
        "model": "production.menudish",
        "pk": 3,
        "fields": {
            "dish": 2,
            "menu": 2,
            "quantity": 45
        }
    },
    {
        "model": "production.menudish",
        "pk": 4,
        "fields": {
            "dish": 3,
            "menu": 2,
            "quantity": 15
        }
    },
    {
        "model": "production.menudish",
        "pk": 5,
        "fields": {
            "dish": 4,
            "menu": 3,
            "quantity": 10
        }
    },
    {
        "model": "internal_api.shop",
        "pk": 1,
        "fields": {
            "address": "City Test",
            "name": "Test Shop",
            "date_added": "2022-02-12T05:06:59.607Z",
            "is_archive": false
        }
    },
    {
        "model": "internal_api.shop",
        "pk": 2,
        "fields": {
            "address": "City Test",
            "name": "Another Test Shop",
            "date_added": "2022-02-12T05:06:59.607Z",
            "is_archive": false
        }
    },
    {
        "model": "internal_api.warehouse",
        "pk": 5,
        "fields": {
            "product_unit": 11,
            "shop": 1,
            "min_remaining": "20.00",
            "max_remaining": "200.00",
            "supplier": null,
            "margin": null,
            "auto_order": false,
            "price": "10.00"
        }
    },
    {
        "model": "internal_api.warehouse",
        "pk": 6,
        "fields": {
            "product_unit": 13,
            "shop": 1,
            "min_remaining": "0.00",
            "max_remaining": "0.00",
            "supplier": null,
            "margin": null,
            "auto_order": false,
            "price": "10.00"
        }
    },
    {
        "model": "internal_api.warehouse",
        "pk": 7,
        "fields": {
            "product_unit": 14,
            "shop": 1,
            "min_remaining": "2.00",
            "max_remaining": "5.00",
            "supplier": null,
            "margin": null,
            "auto_order": false,
            "price": "10.00"
        }
    },
    {
        "model": "internal_api.warehouse",
        "pk": 8,
        "fields": {
            "product_unit": 16,
            "shop": 1,
            "min_remaining": "0.00",
            "max_remaining": "0.00",
            "supplier": null,
            "margin": null,
            "auto_order": false,
            "price": "10.00"
        }
    },
    {
        "model": "internal_api.warehouse",
        "pk": 9,
        "fields": {
            "product_unit": 15,
            "shop": 1,
            "min_remaining": "0.00",
            "max_remaining": "0.00",
            "supplier": null,
            "margin": null,
            "auto_order": false,
            "price": "10.00"
        }
    },
    {
        "model": "internal_api.warehouse",
        "pk": 10,
        "fields": {
            "product_unit": 19,
            "shop": 1,
            "min_remaining": "0.00",
            "max_remaining": "0.00",
            "supplier": null,
            "margin": null,
            "auto_order": false,
            "price": "10.00"
        }
    },
    {
        "model": "internal_api.warehouse",
        "pk": 11,
        "fields": {
            "product_unit": 18,
            "shop": 1,
            "min_remaining": "0.00",
            "max_remaining": "0.00",
            "supplier": null,
            "margin": null,
            "auto_order": false,
            "price": "10.00"
        }
    },
    {
        "model": "internal_api.warehouserecord",
        "pk": 4,
        "fields": {
            "created_at": "2022-02-17T08:32:15.832Z",
            "updated_at": "2022-02-17T08:32:15.832Z",
            "warehouse": 5,
            "quantity": "20.00",
            "document": 1
        }
    },
    {
        "model": "internal_api.warehouserecord",
        "pk": 5,
        "fields": {
            "created_at": "2022-02-17T08:33:10.462Z",
            "updated_at": "2022-02-17T08:33:10.462Z",
            "warehouse": 6,
            "quantity": "3.00",
            "document": 1
        }
    },
    {
        "model": "internal_api.warehouserecord",
        "pk": 6,
        "fields": {
            "created_at": "2022-02-17T08:33:52.261Z",
            "updated_at": "2022-02-17T08:33:52.261Z",
            "warehouse": 7,
            "quantity": "3.00",
            "document": 1
        }
    },
    {
        "model": "internal_api.warehouserecord",
        "pk": 7,
        "fields": {
            "created_at": "2022-02-17T08:34:47.171Z",
            "updated_at": "2022-02-17T08:34:47.171Z",
            "warehouse": 8,
            "quantity": "87.00",
            "document": 1
        }
    },
    {
        "model": "internal_api.warehouserecord",
        "pk": 8,
        "fields": {
            "created_at": "2022-02-17T08:35:35.900Z",
            "updated_at": "2022-02-17T08:35:35.900Z",
            "warehouse": 9,
            "quantity": "15.00",
            "document": 1
        }
    },
    {
        "model": "internal_api.warehouserecord",
        "pk": 9,
        "fields": {
            "created_at": "2022-02-17T14:18:07.773Z",
            "updated_at": "2022-02-17T14:18:07.773Z",
            "warehouse": 10,
            "quantity": "1500.00",
            "document": 1
        }
    },
    {
        "model": "internal_api.warehouserecord",
        "pk": 10,
        "fields": {
            "created_at": "2022-02-17T14:18:32.052Z",
            "updated_at": "2022-02-17T14:18:32.053Z",
            "warehouse": 11,
            "quantity": "2500.00",
            "document": 1
        }
    },
    {
        "model": "internal_api.primarydocument",
        "pk": 1,
        "fields": {
            "author": null,
            "created_at": "2022-02-17",
            "number": "Остатки"
        }
    },
    {
        "model": "internal_api.personnel",
        "pk": 1,
        "fields": {
            "is_archived": false,
            "position": "Шеф-повар",
            "working_place": 1,
            "phone_number": "79990009090",
            "date_hired": "2022-02-17T07:58:20.215Z",
            "status": "working",
            "photo": "",
            "first_name": "Боря",
            "last_name": "Сичкин",
            "fathers_name": "Михалыч",
            "date_of_birth": "2022-02-10",
            "passport": "6666666666",
            "place_of_birth": "с. Кудыкино",
            "department_issued_passport": "ываав",
            "identification_number": "6345645",
            "date_passport_issued": "2022-02-10",
            "date_passport_valid": "2022-02-10",
            "contract_period": 1,
            "contract_type": "постоянный",
            "is_archive": false
        }
    },
    {
        "model": "products.category",
        "pk": 2,
        "fields": {
            "name": "Розничный товар и сырьё",
            "parent": null,
            "description": "",
            "image": "",
            "is_archive": false,
            "lft": 1,
            "rght": 2,
            "tree_id": 2,
            "level": 0
        }
    },
    {
        "model": "products.category",
        "pk": 3,
        "fields": {
            "name": "Готовый продукт",
            "parent": null,
            "description": "",
            "image": "",
            "is_archive": false,
            "lft": 1,
            "rght": 2,
            "tree_id": 1,
            "level": 0
        }
    },
    {
        "model": "products.product",
        "pk": 8,
        "fields": {
            "created_at": "2022-02-17T08:07:53.479Z",
            "updated_at": "2022-02-17T08:07:53.479Z",
            "name": "Мука",
            "short_name": null,
            "category": 2,
            "description": "",
            "protein": null,
            "carbohydrates": null,
            "fats": null,
            "calories": null,
            "energy": null,
            "manufacturer": null,
            "origin": null,
            "expiration_date": null,
            "production_date": null,
            "own_production": false,
            "discount": null,
            "extra_info": null,
            "is_archive": false,
            "is_sorted": true,
            "vat_value": null,
            "for_own_production": false
        }
    },
    {
        "model": "products.product",
        "pk": 9,
        "fields": {
            "created_at": "2022-02-17T08:08:42.735Z",
            "updated_at": "2022-02-17T08:08:42.735Z",
            "name": "Дрожжи",
            "short_name": null,
            "category": 2,
            "description": "",
            "protein": null,
            "carbohydrates": null,
            "fats": null,
            "calories": null,
            "energy": null,
            "manufacturer": null,
            "origin": null,
            "expiration_date": null,
            "production_date": null,
            "own_production": false,
            "discount": null,
            "extra_info": null,
            "is_archive": false,
            "is_sorted": true,
            "vat_value": null,
            "for_own_production": false
        }
    },
    {
        "model": "products.product",
        "pk": 10,
        "fields": {
            "created_at": "2022-02-17T08:09:31.965Z",
            "updated_at": "2022-02-17T08:09:31.966Z",
            "name": "Соль",
            "short_name": null,
            "category": 2,
            "description": "",
            "protein": null,
            "carbohydrates": null,
            "fats": null,
            "calories": null,
            "energy": null,
            "manufacturer": null,
            "origin": null,
            "expiration_date": null,
            "production_date": null,
            "own_production": false,
            "discount": null,
            "extra_info": null,
            "is_archive": false,
            "is_sorted": false,
            "vat_value": null,
            "for_own_production": false
        }
    },
    {
        "model": "products.product",
        "pk": 11,
        "fields": {
            "created_at": "2022-02-17T08:26:05.570Z",
            "updated_at": "2022-02-17T08:26:05.570Z",
            "name": "Хлеб",
            "short_name": null,
            "category": 3,
            "description": "",
            "protein": null,
            "carbohydrates": null,
            "fats": null,
            "calories": null,
            "energy": null,
            "manufacturer": null,
            "origin": null,
            "expiration_date": null,
            "production_date": null,
            "own_production": false,
            "discount": null,
            "extra_info": null,
            "is_archive": false,
            "is_sorted": true,
            "vat_value": null,
            "for_own_production": false
        }
    },
    {
        "model": "products.product",
        "pk": 12,
        "fields": {
            "created_at": "2022-02-17T14:16:21.536Z",
            "updated_at": "2022-02-17T14:16:21.536Z",
            "name": "Сахар",
            "short_name": null,
            "category": 2,
            "description": "",
            "protein": null,
            "carbohydrates": null,
            "fats": null,
            "calories": null,
            "energy": null,
            "manufacturer": null,
            "origin": null,
            "expiration_date": null,
            "production_date": null,
            "own_production": false,
            "discount": null,
            "extra_info": null,
            "is_archive": false,
            "is_sorted": true,
            "vat_value": null,
            "for_own_production": false
        }
    },
    {
        "model": "products.product",
        "pk": 13,
        "fields": {
            "created_at": "2022-02-17T14:16:57.956Z",
            "updated_at": "2022-02-17T14:16:57.956Z",
            "name": "Меланж",
            "short_name": null,
            "category": 2,
            "description": "",
            "protein": null,
            "carbohydrates": null,
            "fats": null,
            "calories": null,
            "energy": null,
            "manufacturer": null,
            "origin": null,
            "expiration_date": null,
            "production_date": null,
            "own_production": false,
            "discount": null,
            "extra_info": null,
            "is_archive": false,
            "is_sorted": false,
            "vat_value": null,
            "for_own_production": false
        }
    },
    {
        "model": "products.product",
        "pk": 14,
        "fields": {
            "created_at": "2022-02-17T14:20:05.805Z",
            "updated_at": "2022-02-17T14:20:05.805Z",
            "name": "Сдоба",
            "short_name": null,
            "category": 3,
            "description": "",
            "protein": null,
            "carbohydrates": null,
            "fats": null,
            "calories": null,
            "energy": null,
            "manufacturer": null,
            "origin": null,
            "expiration_date": null,
            "production_date": null,
            "own_production": false,
            "discount": null,
            "extra_info": null,
            "is_archive": false,
            "is_sorted": true,
            "vat_value": null,
            "for_own_production": false
        }
    },
    {
        "model": "products.product",
        "pk": 15,
        "fields": {
            "created_at": "2022-02-17T15:15:50.852Z",
            "updated_at": "2022-02-17T15:15:50.852Z",
            "name": "Концентрат сока",
            "short_name": null,
            "category": 2,
            "description": "",
            "protein": null,
            "carbohydrates": null,
            "fats": null,
            "calories": null,
            "energy": null,
            "manufacturer": null,
            "origin": null,
            "expiration_date": null,
            "production_date": null,
            "own_production": false,
            "discount": null,
            "extra_info": null,
            "is_archive": false,
            "is_sorted": true,
            "vat_value": null,
            "for_own_production": false
        }
    },
    {
        "model": "products.product",
        "pk": 16,
        "fields": {
            "created_at": "2022-02-17T15:16:33.197Z",
            "updated_at": "2022-02-17T15:16:33.197Z",
            "name": "Сок фруктовый",
            "short_name": null,
            "category": 3,
            "description": "",
            "protein": null,
            "carbohydrates": null,
            "fats": null,
            "calories": null,
            "energy": null,
            "manufacturer": null,
            "origin": null,
            "expiration_date": null,
            "production_date": null,
            "own_production": false,
            "discount": null,
            "extra_info": null,
            "is_archive": false,
            "is_sorted": false,
            "vat_value": null,
            "for_own_production": false
        }
    },
    {
        "model": "products.measurementunit",
        "pk": 1,
        "fields": {
            "name": "Шт."
        }
    },
    {
        "model": "products.measurementunit",
        "pk": 2,
        "fields": {
            "name": "г"
        }
    },
    {
        "model": "products.measurementunit",
        "pk": 3,
        "fields": {
            "name": "Кор."
        }
    },
    {
        "model": "products.measurementunit",
        "pk": 4,
        "fields": {
            "name": "Меш."
        }
    },
    {
        "model": "products.measurementunit",
        "pk": 5,
        "fields": {
            "name": "Пак."
        }
    },
    {
        "model": "products.measurementunit",
        "pk": 6,
        "fields": {
            "name": "кг"
        }
    },
    {
        "model": "products.measurementunit",
        "pk": 7,
        "fields": {
            "name": "л"
        }
    },
    {
        "model": "products.productunit",
        "pk": 9,
        "fields": {
            "product": 8,
            "unit": 6,
            "for_resale": true,
            "for_scales": false,
            "barcode": null,
            "weight": null
        }
    },
    {
        "model": "products.productunit",
        "pk": 10,
        "fields": {
            "product": 8,
            "unit": 5,
            "for_resale": true,
            "for_scales": false,
            "barcode": null,
            "weight": null
        }
    },
    {
        "model": "products.productunit",
        "pk": 11,
        "fields": {
            "product": 8,
            "unit": 4,
            "for_resale": true,
            "for_scales": false,
            "barcode": null,
            "weight": null
        }
    },
    {
        "model": "products.productunit",
        "pk": 12,
        "fields": {
            "product": 9,
            "unit": 2,
            "for_resale": false,
            "for_scales": false,
            "barcode": null,
            "weight": null
        }
    },
    {
        "model": "products.productunit",
        "pk": 13,
        "fields": {
            "product": 9,
            "unit": 5,
            "for_resale": true,
            "for_scales": false,
            "barcode": null,
            "weight": null
        }
    },
    {
        "model": "products.productunit",
        "pk": 14,
        "fields": {
            "product": 9,
            "unit": 3,
            "for_resale": true,
            "for_scales": false,
            "barcode": null,
            "weight": null
        }
    },
    {
        "model": "products.productunit",
        "pk": 15,
        "fields": {
            "product": 10,
            "unit": 2,
            "for_resale": false,
            "for_scales": false,
            "barcode": null,
            "weight": null
        }
    },
    {
        "model": "products.productunit",
        "pk": 16,
        "fields": {
            "product": 10,
            "unit": 5,
            "for_resale": true,
            "for_scales": false,
            "barcode": null,
            "weight": null
        }
    },
    {
        "model": "products.productunit",
        "pk": 17,
        "fields": {
            "product": 11,
            "unit": 1,
            "for_resale": true,
            "for_scales": false,
            "barcode": null,
            "weight": null
        }
    },
    {
        "model": "products.productunit",
        "pk": 18,
        "fields": {
            "product": 12,
            "unit": 6,
            "for_resale": true,
            "for_scales": false,
            "barcode": null,
            "weight": null
        }
    },
    {
        "model": "products.productunit",
        "pk": 19,
        "fields": {
            "product": 13,
            "unit": 6,
            "for_resale": false,
            "for_scales": false,
            "barcode": null,
            "weight": null
        }
    },
    {
        "model": "products.productunit",
        "pk": 20,
        "fields": {
            "product": 14,
            "unit": 1,
            "for_resale": true,
            "for_scales": false,
            "barcode": null,
            "weight": null
        }
    },
    {
        "model": "products.productunit",
        "pk": 21,
        "fields": {
            "product": 15,
            "unit": 2,
            "for_resale": true,
            "for_scales": false,
            "barcode": null,
            "weight": null
        }
    },
    {
        "model": "products.productunit",
        "pk": 22,
        "fields": {
            "product": 16,
            "unit": 7,
            "for_resale": true,
            "for_scales": false,
            "barcode": null,
            "weight": null
        }
    },
    {
        "model": "products.productunitconversion",
        "pk": 8,
        "fields": {
            "source_unit": 10,
            "target_unit": 9,
            "factor": "2.00"
        }
    },
    {
        "model": "products.productunitconversion",
        "pk": 9,
        "fields": {
            "source_unit": 11,
            "target_unit": 9,
            "factor": "20.00"
        }
    },
    {
        "model": "products.productunitconversion",
        "pk": 10,
        "fields": {
            "source_unit": 13,
            "target_unit": 12,
            "factor": "35.00"
        }
    },
    {
        "model": "products.productunitconversion",
        "pk": 11,
        "fields": {
            "source_unit": 14,
            "target_unit": 13,
            "factor": "200.00"
        }
    }
]
